"Year","Authors"
2001,"Almekinders, CJM ; Elings, A"
2010,"Shanthy, TR ;"
2003,"Singh, AK. ;"
1996,"Witcombe, J.R. ; Joshi, A. ; Joshi, K. D. ; Sthapit, BR"
2007,"Dorward, PTT ; Craufurd, P ; Marfo, K ; Dogbe, W. ; Bam, R"
2007,"Lope-Alzina, DG ;"
2014,"Ghosh, R ; Pandey, S.. ; Telangre, R ; Kathal, D ; Singh, S. ; Usmani, G ; Patel, A ; Rao, SK ; Mishra, S ; Pachuri, A ; Verma, S ; Sharma, RN ; Gaur, PM ; Sharma, M"
2001,"Witcombe, J.R. ; Joshi, K. D. ; Rana, RB ; Virk"
2009,"Thapa, DB ; Mudwari, A ; Basnet, RK ; Sharma, S ; Ortiz-Ferrara, G ; Sharma, B ; Murphy, K"
2009,"Tiwari, T. P., T. P., TP ; Virk ; Sinclair, FL"
2014,"Singh, YP ; Nayak, AK ; Sharma, DKKK ; Gautam, RK ; Singh, RKK.K ; Singh, RKK. ; Mishra, VK ; Paris, T ; Ismaili, AM"
2016,"Mehraj, U ; Ahmad, M ; Abidi, I ; Gul-Zaffar ; Shikari, AB"
2013,"Singh, RKK. ; van Heusden, AW ; Kumar, R ; Visser, RGF ; Yadav, RC"
2012,"Gallardo, K ; Nguyen, D ; McCracken, V ; Yue, Chengyan ; Luby, J ; McFerson, J"
2005,"Witcombe, J.R. ; Joshi, K. D. ; S Gyawali ; Musa, AM ; Johansen, C ; Virk ; Sthapit, BR"
2017,"Horn, LN ; Ghebrehiwot, H. ; Sarsu, F ; Shimelis, H"
2021,"Gastelo, M ; Burgos, G ; Bastos, C ; Perez, JM ; Otiniano, R ; Cabrera, H ; Ccanto, R ; de Scurrah, MM ; Zum Felde, t."
2014,"Brocke, KV ; Trouche, G ; Weltzien, E.. ; Barro-Barro-Kondombo-Barro, CP ; Sidibe, A ; Zougmore, RB ; Goze, E"
2001,"Mulatu, E ; Belete, K"
2021,"Teeken, B ; Temudo, MP"
2002,"Joshi, K. D. ; Witcombe, J.R."
2008,"McGuire, SJ ;"
2019,"Ashby, JA ; Polar, V"
2019,"Casals, J ; Rull, A ; Segarra, J ; Schober, P ; Simo, J"
2001,"Courtois, B ; Bartholome, B ; Chaudhary, D ; McLaren, G ; Misra, C. H. ; Mandal, NP ; Pandey, S.. ; Paris, T ; Piggin, C ; Prasad, K ; Roy, AT ; Sahu, RK ; Sahu, V. N. ; Sarkarung, S ; Sharma, SK ; Singh, AK ; Singh, HN ; Singh, ON ; Singh, NK ; Singh, RKK.K ; Singh, S. ; Sinha, P. K. ; Sisodia, B. V. S. ; Takhur, R"
2007,"Omanya, GO ; Weltzien, E... ; Sogodogo, D ; Sanogo, M ; Hanssens, N ; Guero, Y ; Zangre, R.G."
2021,"Marenya, P ; Wanyama, R ; Alemu, S ; Woyengo, V"
2014,"Gebretsadik, R ; Shimelis, H ; Laing, M.... ; Tongoona, P.. ; Mandefro, N"
2006,"Witcombe, J.R. ; S Gyawali ; Sunwar, S ; Sthapit, BR ; Joshi, K. D."
2008,"Abay, F ; Waters-Bayer, A ; Bjornstad, A"
2019,"Lobulu, J ; Shimelis, H ; Laing, M... ; Mushongi, AA"
2014,"Yue, Chengyan ; Gallardo, K ; Luby, J ; Rihn, A ; McFerson, J ; McCracken, V ; Whitaker, VMM ; Finn, CEE ; Hancock, JFF ; Weebadde, Cholani ; Sebolt, A ; Iezzoni, A"
2021,"Melesse, MB ; Tirra, AN ; Ojiewo, C. ; Hauser, M"
2017,"Zhao, SL ; Yue, Chengyan ; Luby, J ; Gallardo, K ; McCracken, V ; McFerson, J ; Layne, DR"
2003,"Witcombe, J.R. ; Joshi, A... ; Goyal, S. N."
2009,"Trouche, G ; vom Brocke, K ; Aguirre, S ; Chow, Z"
2021,"Aristya, VE ; Trisyono, YA ; Mulyo, JH ; Taryono, T, T"
2002,"Mulatu, E ; Zelleke, H"
2018,"Najeeb, S ; Sheikh, FA ; Parray, GA ; Shikari, AB ; Gul-Zaffar ; Kashyp, SC ; Ganie, MA ; Shah, AB"
2020,"Tyack, N ; Manneh, B ; Konate, A ; Kessy, T ; Traore, S ; Sie, M"
2005,"Carpenter, D ;"
2013,"Yue, Chengyan ; Gallardo, K ; Luby, J ; Rihn, A ; McFerson, J ; McCracken, V ; Bedford, D ; Brown, S ; Evans, K ; Weebadde, Cholani ; Sebolt, A ; Iezzoni, AF"
2008,"Gibson, RW ; Byamukama, E ; Mpembe, I ; Kayongo, J ; Mwanga, ROM"
2020,"Scurrah, M ; Ccanto, R ; Bonierbale, M"
2019,"Ishikawa, H ; Drabo, I ; Boukar, O ; Fatokum, C ; Muranaka, S"
2020,"Ishikawa, H ; Drabo, I ; Joseph, BB ; Muranaka, S ; Fatokum, C ; Boukar, O"
2008,"Laurie, SM ; Magoro, MD"
2009,"Olaoye, G ; Ajala, SO ; Adedeji, SA"
2009,"Tiwari, T. P., T. P., TP ; Ortiz-Ferrara, G ; Urrea, C ; Katuwal, RB ; Koirala, KB ; Prasad, RC ; Gurung, DB ; Sharma, DKK ; Hamal, B ; Bhandari, B ; Thapa, M"
2000,"Soleri, D ; Smith, SE ; Cleveland, D. A."
2013,"Singh, S.. K. ; Dubey, SK ; Ali, M ; Nigam, S. N. ; Srivastava, AK ; Saxena, K. B. ; Yadav, AS ; Kumara, A."
2018,"Burman, D ; Maji, B ; Singh, S. ; Mandal, S ; Sarangi, SK ; Bandyopadhyay, BK ; Bal, AR ; Sharma, DKKK ; Krishnamurthy, SL ; Singh, HN ; Delosreyes, AS ; Villanueva, D ; Paris, T ; Singh, US ; Haefele, SM ; Ismaili, AM"
2011,"Manzanilla, DO ; Paris, T ; Vergara, GV ; Ismaili, AM ; Pandey, S.. ; Labios, RV ; Tatlonghari, GT ; Acda, RD ; Chi, TTN ; Duoangsila, K ; Siliphouthone, I ; Manikmas, MOA ; Mackill, DJ"
2019,"Li, ZY ; Gallardo, K ; Hoashi-Erhardt, W ; McCracken, V ; Yue, Chengyan ; DeVetter, LW"
2007,"Ortiz-Ferrara, G ; Joshi, A.... ; Chand, R ; Bhatta, MR ; Mudwari, A ; Thapa, DB ; Sufian, MA ; Saikia, TP ; Chatrath, R ; Witcombe, J.R. ; Virk ; Sharma, RC"
2018,"Teeken, B ; Olaosebikan, Olamide Deborah ; Haleegoah, J ; Oladejo, E ; Madu, T ; Bello, A. ; Parkes, E ; Egesi, C.N. ; Kulakow, P. A. ; Kirscht, H ; Tufan, H."
2021,"Adu, GB ; Badu-Apraku, B ; Akromah, R. ; Amegbor, IK ; Adogoba, DS ; Haruna, A ; Manigben, KA ; Aboyadana, PA ; Wiredu, AN"
2012,"Williams, R ; Borges, LF ; Lacoste, M ; Andersen, R ; Nesbitt, H ; Johansen, C"
2014,"Joshi, K. D. ; Khanal, NP ; Harris, D ; Khanal, NN ; Sapkota, A ; Khadka, K ; Darai, R ; Neupane, RK ; Joshi, M ; Witcombe, J.R."
2021,"Belay, BF ; Wale, MF"
2020,"Assefa, A. ; Bezabih, A ; Germay, G ; Alemayehu, T ; Lkaw, A"
2021,"Teeken, B ; Garner, E ; Agbona, A ; Balogun, I ; Olaosebikan, Olamide Deborah ; Bello, A. ; Madu, T ; Okoye, B ; Egesi, C.N. ; Kulakow, P. A. ; Tufan, H."
2008,"Adjei-Nsiah, S ; Kuyper, TW ; Leeuwis, C ; Abekoe, MK ; Cobbinah, J ; Sakyi-Dawson, O ; Giller, KE"
2014,"Manzanilla, DO ; Paris, T ; Tatlonghari, GT ; Tobias, AM ; Chi, TTN ; Phuong, NT ; Siliphouthone, I ; Chamarerk, V ; Bhekasut, P ; Gandasoemita, R"
2012,"Trouche, G ; Lancon, J ; Acuna, SA ; Briones, BC ; Thomas, G"
2022,"Balogun, I ; Garner, E ; Amer, P ; Fennessy, P ; Teeken, B ; Olaosebikan, Olamide Deborah ; Abolore, B ; Madu, T ; Okoye, B ; Santos, B ; Byrne, T.J. ; Martin-Collado, D ; Egesi, C.N. ; Kulakow, P. A. ; Tufan, H."
2017,"Yue, Chengyan ; Wang, JJ ; Watkins, E ; Bonos, SA ; Nelson, KC ; Murphy, JA ; Meyer, WA ; Horgan, BP"
2020,"Worku, M ; De Groote, H ; Munyua, B ; Makumbi, D ; Owino, F ; Crossa, J ; Beyene, Y ; Mugo, S ; Jumbo, M ; Asea, G ; Mutinda, C ; Kwemoi, DB ; Woyengo, V ; Olsen, MS ; Prasanna, BM"
2008,"Paris, T ; Singh, AK ; Cueno, AD ; Singh, VN"
2005,"Virk ; Chakraborty, M ; Ghosh, J ; Prasad, SC ; Witcombe, J.R."
2017,"Dibi, KEB ; Essis, BS ; N'zue, B ; Kouakou, AM ; Zohouri, GP ; Assouan, AB ; Van Mourik, T"
2021,"Yohane, EN ; Shimelis, H ; Laing, M... ; Shayanowako, A ; Mathew, I ; Chintu, JM"
2021,"Dida, MM ; Oduori, CA ; Manthi, SJ ; Avosa, MO ; Mikwa, EO ; Ojulong, H. ; Odeny, DA"
2017,"Joshi, K. D. ; Rehman, A. ; Ullah, G ; Nazir, MF ; Zahara, M ; Akhtar, J ; Khan, M ; Baloch, A ; Khokhar, J ; Ellahi, E ; Khan, A ; Suleman, M ; Imtiaz, M"
2020,"Sarangi, SK ; Singh, S. ; Maji, B ; Sharma, PC ; Srivastava, AK ; Burman, D ; Mandal, S ; Krishnamurthy, SL ; Singh, US ; Ismail, A.M."
2009,"Virk ; Pandit, DB ; Sufian, MA ; Ahmed, F ; Siddique, MAB ; Samad, MA ; Rahman, M.A. ; Islam, MM ; Ortiz-Ferrara, G ; Joshi, K. D. ; Witcombe, J.R."
9999,"Magaisa, A ; Manjeru, P ; Kamutando, CN ; Moyo, M"
2020,"Iezzoni, AF ; McFerson, J ; Luby, J ; Gasic, K ; Whitaker, VM ; Bassil, N ; Yue, Chengyan ; Gallardo, K ; McCracken, V ; Coe, M ; Hardner, C ; Zurn, JD ; Hokanson, S ; van de Weg, E ; Jung, S ; Main, D ; Linge, CD ; Vanderzande, S ; Davis, TM ; Mahoney, LL ; Finn, CE ; Peace, C ;"
2021,"Nkhata, W ; Shimelis, H ; Melis, R ; Chirwa, R ; Mathew, I ; Shayanowako, A ; Mzengeza, T"
1999,"Witcombe, J.R. ;"
2013,"Misiko, M ;"
2007,"Bam, R ; Craufurd, P ; Dorward, PTTT ; Asiedu, EA ; Kumaga, FK ; Ofori, K"
2021,"Kidasi, PC ; Chao, DK ; Obudho, EO ; Mwang'ombe, AW"
2008,"Belay, G ; Tefera, H ; Getachew, A ; Assefa, K.. ; Metaferia, G"
2006,"Serrano-Megias, M ; Lopez-Nicolas, JM"
2017,"Choi, JW ; Yue, Chengyan ; Luby, J ; Zhao, SL ; Gallardo, K ; McCracken, V ; McFerson, J"
2020,"Li, ZY ; Gallardo, K ; McCracken, V ; Yue, Chengyan ; Gasic, K ; Reighard, Gregory L. ; McFerson, J"
2018,"Choi, JW ; Yue, Chengyan ; Luby, J ; Zhao, SL ; Gallardo, K ; McCracken, V ; McFerson, J"
2020,"Li, ZY ; Gallardo, K ; McCracken, V ; Yue, Chengyan ; Whitaker, VM ; McFerson, J"
1996,"Witcombe, John ; Joshi, A...."
1996,"Joshi, A.... ; Witcombe, J.R."
1996,"Witcombe, J.R. ; Joshi, A...."
2002,"Joshi, K. D. ; Sthapit, B.R. ; Subedi, Madhu ; Witcombe, J.R.."
1996,"Sthapit, B.R. ; Joshi, K. D. ; Witcombe, J.R."
1996,"Temudo, MP ;"
2021,"Rasheed, Shenaz ; Venkatesh, P. ; Singh, Dharam Raj ; Renjini, V. R. ; Jha, Girish Kumar ; Sharma, DKKK"
2021,"Adewumi, Adeyinka S. ; Asare, Paul A. ; Michael, M ; Taah, Kingsley J. ; Akaba, Selorm ; Mondo, Jean M. ; Agre, Paterne A."
2018,"Derese, Solomon Assefa ; Shimelis, Hussein ; Laing, M.... ; Mengistu, Fentahum"
2007,"Chughtai, S. R. ; Fateh, J. ; Munawwar, M. H. ; Hussain, M."
2014,"Yue, Chengyan ; Gallardo, K ; Luby, J J. ; Rihn, A L. ; McFerson, J R. ; McCracken, V ; Gradziel, Tom ; Gasic, K ; Reighard, Gregory L.regory L. ; Clark, John ; Iezzoni, A"
2010,"Kamara, Alpha Yaya ; Ellis-Jones, Jim ; Ekeleme, Friday ; Omoigui, Lucky ; Amaza, P. ; Chikoye, David ; Dugje, IY"
2012,"Were, W. V. ; Shanahan, P. ; Melis, R. ; Omari, O. O."
2014,"Yue, Chengyan ; Gallardo, K ; Luby, J J. ; Rihn, A L. ; McFerson, J R. ; McCracken, V ; Oraguzie, Nnadozie ; Weebadde, Cholaniholani ; Sebolt, A ; Iezzoni, A"
2021,"Leon, Lorenzo ; de la Rosa, Raul ; Arriaza, Manuel"
2018,"Bruno, Awio ; Katungi, Enid ; Nkalubo, Stanley ; Mukankusi, Clare ; Maxwell, Malinga G. ; Paul, Gibson ; Rubaihayo, P.R. ; Richard, Edema"
2020,"Marimo, P.ricilla ; Caron, Cynthia ; Van den Berg, I. ; Crichton, Rhiannon ; Weltzien, E... ; Ortiz, Rodomiro ; Tumuhimbise, R"
2017,"Long, L. E. ; Kaiser, C. ; Brewer, L. J."
2022,"Nigus, M. ; Shimelis, H ; Mathew, I. ; Abady, S."
2022,"Njuguna-Mungai, E. ; Omondi, I. ; GaliÃ¨, A. ; Jumba, H. ; Derseh, M. ; Paul, B.K. ; Zenebe, M. ; Juma, A. ; Duncan, A."
2021,"Gebreyohannes, A. ; Shimelis, H ; Laing, M.... ; Mathew, I. ; Odeny, D.A. ; Ojulong, H."
2021,"Voss, R.C. ; Donovan, J. ; Rutsaert, P. ; Cairns, J.E."
2021,"Nchanji, E. ; Lutomia, C.K. ; Ageyo, O.C. ; Karanja, D. ; Kamau, E."
2021,"TchokponhouÃ©, D.A. ; Achigan-Dako, E.G. ; Nâ€™Danikou, S. ; Nyadanu, D. ; Kahane, R. ; Odindo, A.O. ; Sibiya, J."
2021,"Mutari, B. ; Sibiya, J. ; Bogweh Nchanji, E. ; Simango, K. ; Gasura, E."
2021,"Teklu, D.H. ; Shimelis, H ; Tesfaye, A. ; Abady, S."
2021,"Sewenet, H.K. ; Anley, A.M. ; Getie, M.A."
2021,"Thiele, G.. ; Dufour, D ; Vernier, P. ; Mwanga, R. O. M. ; Parker, M.L. ; Schulte-Geldermann, Elmar ; Teeken, B. ; Wossen, T. ; Gotor, E. ; Kikulwe, E. ; Tufan, H. ; Sinelle, S. ; Kouakou, A.M. ; Friedmann, M. ; Polar, V. ; Hershey, C."
2021,"Andiku, C. ; Shimelis, H ; Laing, M.... ; Shayanowako, A ; Adrogu Ugen, M. ; Manyasa, E. ; Ojiewo, C."
2021,"Ewell, H. ;"
2020,"Tegbaru, A. ; Menkir, A. ; Nasser Baco, M. ; Idrisou, L. ; Sissoko, D. ; Eyitayo, A.O. ; Abate, T. ; Tahirou, A."
2020,"Mafouasson, H.N.A. ; Kenga, R. ; Gracen, V ; Ntsomboh-Ntsefong, G. ; Tandzi, L.N. ; Tata Ngome, P.I."
2020,"Tigist, S.G. ; Melis, R. ; Sibiya, J. ; Amelework, B. ; Keneni, G."
2020,"Loko, Y.L.E. ; Montcho, D. ; Zandjanakou-Tachin, M. ; Orobiyi, A. ; Toffa, J. ; Hounmakou, E. ; Gavoedo, D. ; Dansi, A."
2020,"Buah, S.S.J. ; Denwar, N.N. ; Kanton, R.A.L. ; Kombiok, J.M."
2020,"Shumbusha, D. ; Shimelis, H ; Laing, M.... ; Rukundo, P."
2020,"Suvi, W.T. ; Shimelis, H ; Laing, M...."
2020,"Coulibaly, M. ; Agossou, C.O.A. ; AkohouÃ©, F. ; Sawadogo, M. ; Achigan-Dako, E.G."
2019,"Yadav, R.K. ; Gurung, R. ; Dhakal, R. ; Adhikari, A.R. ; Gautam, S. ; Ghimire, K.H. ; Sthapit, B.R."
2019,"Drabo, I. ; Zangre, R.G..G. ; Danquah, E. ; Ofori, K. ; Witcombe, J.R. ; Hash, C.T.O.M."
2019,"Abady, S. ; Shimelis, H ; Janila, P."
2019,"Mengistu, DK. ; Shimelis, H ; Laing, M.... ; Lule, D."
2019,"Esuma, W. ; Nanyonjo, RA ; Miiro, R. ; Angudubo, S. ; Kawuki, R.S."
2019,"AkohouÃ©, F. ; Sibiya, J. ; Achigan-Dako, E.G."
2018,"Banla, E.M. ; Dzidzienyo, D.K. ; Beatrice, I.E. ; Offei, S.K. ; Tongoona, P... ; Desmae, H."
2018,"Daudi, H. ; Shimelis, H ; Laing, M.... ; Okori, P. ; Mponda, O."
2018,"Timsina, K.P. ; Shivakoti, G.P."
2018,"Kagimbo, F. ; Shimelis, H ; Sibiya, J."
2018,"Gallardo, R.K. ; Klingthong, P. ; Zhang, Q. ; Polashock, J. ; Atucha, A. ; Zalapa, J. ; Rodriguez-Saona, C. ; Vorsa, N. ; Iorizzo, M."
2018,"Bammite, D. ; Matthews, P.J. ; Dagnon, D.Y. ; Agbogan, A. ; Odah, K. ; Dansi, A. ; Tozo, K."
2017,"Ayenan, M.A.T. ; Ofori, K. ; Ahoton, L.E. ; Danquah, A."
2017,"Kassie, G.T. ; Abdulai, A. ; Greene, W.H. ; Shiferaw, B. ; Abate, T. ; Tarekegne, A. ; Sutcliffe, C."
2017,"Steinke, J. ; Van Etten, J."
2017,"Nyaligwa, L. ; Hussein, S. ; Laing, M.... ; Ghebrehiwot, H. ; Amelework, B."
2016,"Nduwumuremyi, A. ; Melis, R. ; Shanahan, P. ; Asiimwe, T."
2016,"Tena, E. ; Mekbib, F. ; Shimelis, H ; Mwadzingeni, L."
2016,"Mofokeng, M.A. ; Shimelis, H ; Tongoona, P... ; Laing, M...."
2016,"Rafiq, M. ; Najeeb, S. ; Sheikh, F.A. ; Iqbal, A.M. ; Bhat, Z.A. ; Kashyp, S.C. ; Hussian, A. ; Mujtaba, A. ; Parray, G.A."
2015,"Horn, LN ; Shimelis, H ; Laing, M...."
2015,"Dao, A. ; Sanou, J. ; Gracen, V ; Danquah, E."
2015,"Basavaraj, G. ; Parthasarathy Rao, P. ; Achoth, L. ; Lagesh ; Pokharkar, V.G. ; Gupta, S.K. ; Ashok Kumara, A.."
2014,"Calingacion, M. ; Laborte, AG. ; Nelson, A. ; Resurreccion, A. ; Concepcion, J.C. ; Daygon, V.D. ; Mumm, R. ; Reinke, R. ; Dipti, S. ; Bassinello, P.Z. ; Manful, J. ; Sophany, S. ; Lara, K.C. ; Bao, J. ; Xie, L. ; Loaiza, K. ; El-hissewy, A. ; Gayin, J. ; Sharma, N. ; Rajeswari, S. ; Manonmani, S. ; Rani, N.S. ; Kota, S. ; Indrasari, S.D."
2014,"Njoku, D ; Egesi, C.N..N. ; Gracen, V ; Offei, S.K. ; Asante, I.K. ; Danquah, E."
2013,"Sugri, I. ; Kanton, R.A.L. ; Kusi, F. ; Nutsugah, Stephen ; Buah, S.S.J. ; Zakaria, M."
2013,"Sibiya, J. ; Tongoona, P... ; Derera, J. ; Makandaa, I."
2011,"Mukanga, M. ; Derera, J. ; Tongoona, P... ; Laing, M...."
2011,"Mohapatra, S. ; Gregorio, GB ; Kumara, A.."
2011,"Asgedom, S. ; Struik, P.C. ; Heuvelink, E.P. ; Araia, W."
2010,"Bishaw, Z. ; Struik, P.C. ; van Gastel, A.J.G."
2010,"Kagoda, F. ; Derera, J. ; Tongoona, P... ; Coyne, D.L."
2010,"Singh, RKK..K. ; RedoÃ±a, E. ; Gregorio, GB ; Salam, M.A. ; Islam, M.R. ; Singh, D.P. ; Sen, P. ; Saha, S. ; Mahata, K.R. ; Sharma, S. ; Pandey, S... ; Sajise, A.G. ; Mendoza, R.D. ; Toledo, M.C. ; Dante, A. ; Ismail, A.M. ; Paris, T ; Haefele, S.M. ; Thomson, M.J. ; Zolvinski, S. ; Singh, Y.P. ; Nayak, A.K. ; Singh, RKK..B. ; Mishra, V.K."
2009,"Thapa, D.B. ; Sharma, R.C. ; Mudwari, A. ; Ortiz-Ferrara, G. ; Sharma, S. ; Basnet, R.K. ; Witcombe, J.R. ; Virk, D.S. ; Joshi, K. D."
2008,"Misiko, M. ; Tittonell, P. ; Ramisch, J.J. ; Richards, P. ; Giller, K.E."
2007,"Sivapalan, S. ; Batten, G. ; Goonetilleke, A. ; Kokot, S."
2004,"Jalleta, T. ;"
1993,"Sperling, L. ; Loevinsohn, M.E. ; Ntabomvura, B."
2015,"Mwiti, Florine ; Okello, J.J. ; Munei, Kimpei"
2009,"Gonzalez, Carolina ; Johnson, Nancy L."
2016,"Fiamohe, R. ; Ndindeng, S. ; Mujawamariya, G. ; Sanyang, S. ; Futakuchi, K."
2009,"Buergelt, Doreen ; von Oppen, Matthias ; Yadavendra, Jagdish Prasad"
2018,"Cardona, Tur J. ; Speelman, S. ; Sanou, E."
2010,"Omot, Norah ; Spriggs, John ; Chang, Hui-Shung (Christie)"
2016,"Gallardo, K ; Yue, Chengyan ; McCracken, V ; Luby, J ; McFerson, J"
2013,"KierczyÅ„ska, Sylwia ;"
2015,"Gallardo, K ; Li, Huixin ; Yue, Chengyan ; Luby, J ; McFerson, J R. ; McCracken, V"
2010,"Hewavitharane, H.V.C. ; Warnakulasooriya, H.U. ; Wajira Kumara, G.B.S."
1985,"Knight Jr., Robert J. ;"
2011,"Alam, MS ; Islam, M. A. ; Paris, T ; Cueno, AD"
2020,"Meressa, Abrha Megos ; Navrud, Stale"
2013,"Acheampong, PP ; Owusu, Victorictor ; Nurah, Gyiele K.yiele K."
2018,"Maligalig, R. ; Umbeger, W. ; Demont, M. ; Peralta, A."
2013,"Yadav, H.K. ; Singh, S.. ; Kumar, V. ; Kumara, A.."
2021,"Martin, InÃ¨s ; Vranken, Liesbet ; UgÃ¡s, Roberto"
2017,"Henry, Fred Ojulong ; Elias, Letayo ; Loveness, Sakwera ; Rukwa, Ziwa ; Frida, Mgonja ; Patrick, Sheunda ; Joseph, Kibuka ; Daniel, Otwani ; Patrick, Audi ; Mary, Mgonja ; Emmanuel, Manyasa"
2003,"Park, Timothy A. ; Florkowski, Wojciech J."
2013,"Carrillo-Rodriguez, Lilian ; Gallardo, K ; Yue, Chengyan ; McCracken, V A. ; Luby, J ; McFerson, J R."
2015,"Nazli, Hina ; Birol, Ekin ; Asare-Marafo, D. ; Tariq, Asjad"
2018,"Tsusaka, T. ; Orr, A. ; Msere, H. ; Harris, D. ; Rao, N. Vpr Ganga"
2017,"Mutanyagwa, Ange Pacifique ;"
2018,"Hong, Yeon A. ; Gallardo, K ; Silva, E ; Orozco, Johanna Flores"
2018,"Osei, Michael K. ; Danquah, Agyemang ; Blay, Essie ; Danquah, E. ; Adu-Dapaah, Hans"
2005,"Camarena-Gomez, Dena M. ; Sanjuan, Ana Isabel"
1997,"Baidu-Forson, Jojo ; Ntare, B. R. ; Waliyar, Farid"
2006,"Edmeades, Svetlana ;"
2002,"Agbola, Frank W. ; Kelley, Timothy G. ; Bent, Martin J.M. ; Parthasarathy Rao, P."
2006,"Useche, Pilar ; Barham, Bradford ; Foltz, Jeremy"
2017,"DeYoung, David J. ; Reyes, Byron ; Osorno, Juan ; Mejia, Gustavo ; Villatoro, Julio Cesar ; Maredia, Mywish K."
2019,"Abebrese, Samuel Oppong ; Martey, E.dward ; Dartey, Paul Kofi Ayirebi ; Akromah, R.ichard ; Gracen, V Edward ; Offei, S.K. ; Danquah, E. Yirenkyi"
2019,"Geja, M.M. ;"
2015,"Baafi, Ernest ; Manu-Aduening, J. A. ; Martey, Edward ; Ofori, K ; Blay, E. ; Gracen, V"
2005,"Horna, J. Daniela ; Smale, Melinda ; von Oppen, Matthias"
2004,"Edmeades, Svetlana ; Smale, Melinda ; Renkow, M ; Phaneuf, Daniel J."
2013,"Stanley Peter, Ddungu ;"
2011,"Malabayabas, M. ; Gauchan, D. ; Pandey, S..."
2010,"Ouma, James Okuro ; Odendo, Martinsartins ; Bett, C.harles ; De Groote, H ; Mugo, S ; Mutinda, C ; Gethi, Jamesames ; Nutsugah, Stephentephen ; Ajanga, S. ; Shuma, J."
2018,"Mansaray, B. ; Jin, S. ; Yuan, R. ; Li, H."
2011,"Dalton, TJ ; Yesuf, Mahmud ; Muhammad, Lutta"
2019,"Adeola, Rasheed Gbolagade ; Ogunleye, Kehinde Yewande ; Adewole, Williams Adekunle"
2019,"Chakrabarti, Anwesha ; Campbell, BL ; Shonkwiler, Vanessa"
2013,"Beekham, A. ; Ramdin, R. ; Deen, S. ; Jackson, T. ; Nandlal, S."
2018,"Khachatryan, Hayk ; Rihn, A"
2000,"Bellon, MR ; Smale, Melinda ; Aguirre, Alfonso ; Taba, Suketoshi ; Aragon, Flavio ; Diaz, Jaime ; Castro, Humberto"
2018,"Umesh, K.B. ; Sakamma, S."
2012,"Lupin, Beatriz ; Rodriguez, Elsa M."
2015,"Mahadevan, Renuka ; Asafu-Adjaye, John"
2016,"Larochelle, Catherine ; Asare-Marafo, Dorene ; Birol, Ekin ; Alwang, Jeffrey"
2013,"Suhasini, K. ; Girish, K. N. ; Bantilan, M. C. S. ; Kumara Charyulu, D. ; Nageswara Rao, G. D. ; Jayalakshmi, V. ; Vijayakumar, A. G. ; Mannur, D. M. ; Satish, Y. ; Gaur, PM ; Rao, K. P. C."
2014,"Baco, M. N. ; Affoukouk, T. ; Moumouni, I. ; Yallou, C. ; Abdoulaye, A."
2016,"Motagi, B. N. ; Vabi, M. B. ; Ajeigbe, H. A. ; Echekwu, C. A. ; Mohammed, S. G."
9999,"Gridley, H E ; Jones, M P ; Wopereis-Pura, M"
2016,"Njukwe, E. ;"
9999,"Joshi, A... ; Witcombe, J.R."
2016,"Angarawai, I. I. ; Bukar, B. ; Olabanji, O. G. ; Iro, N. ; Haussmann, B. G. ; Weltzien, E... ; Gwadi, K. W. ; Gubio, T. ; Yahaya, Y."
2010,"Ndjeunga, J. ; Ntare, B. R. ; Abdoulaye, A. ; Ibro, A. ; Zarafi, M. A. ; Cisse, Y. ; Moutari, A. ; Kodio, O. ; Echekwu, C. A. ; Mohammed, S. G. ; Micko, I."
2010,"Vindhiyavarman, P. ; Manivannan, N. ; Nigam, S. N. ; Muralidharan, V."
2013,"Ayinde, O.E. ; Abdoulaye, A. ; Olaoye, G. ; Akangbe, J."
2019,"Elango, D. ; Kawarazuka, Nozomi"
2021,"Mulwa, C. K. ; Mussa, H. ; Ogero, K. ; Makunde, G. S. ; Andrade, M"
2019,"Adam, R. I. ; Kandiwa, V. ; David, S. ; Muindi, P."
2013,"Karunakaran, K. R. ; Gracy, C. P. ; Lokesha, H. ; Bantilan, M. C. S. ; Kumara Charyulu, D. ; Rao, P. P. ; Nageswara Rao, G. D. ; Vaithiyalingan, M. ; Nadaf, H. L. ; Venkataramana, PB ; Upadhyaya, H. D. ; Janila, P. ; Rao, K. P. C."
2017,"Kemal, Seid Ahmed ;"
2011,"Mohammadi, Reza ; Mahmoodi, Kouresh Nader ; Haghparast, Reza ; Grando, S.tefania ; Rahmanian, Maryam ; Ceccarelli, S.alvatore"
2015,"Baco, M. N. ; Affoukouk, T. ; Moumouni, I. ; Abdoulaye, A."
2001,"Paris, T R. ; Singh, AK ; Luis, Joyce ; Singh, H. N. ; Singh, Omkar ; Singh, S.. ; Singh, RKK.am Kathin ; Sarkarung, S"
2001,"Nguyen, Ngoc De ;"
9999,"Thakur, R ;"
2001,"Tiwari, T. P., T. P., T. P. ; Virk ; Sinclair, FL"
9999,"Tiwari, T. P., T. P. ; Virk ; Sinclair, &"
2001,"Goyal, S. N. ; Joshi, A.... ; Witcombe, J.R.."
2016,"Harahagazwe, D. ; QuirÃ³z, R. ; Kuoko, Stephen ; Recha, John W. M. ; Radeny, Maren A. O. ; Sayula, George ; Schulte-Geldermann, Elmar ; Brush, Gladness ; Msoka, Elizabeth ; Rimoy, Mary ; Bonierbale, M ; Atakos, Vivian ; Kinyangi, James"
2001,"Kumara, A.. ; Singh, D. N. ; Prasad, S. C. ; Gangwar, J. S. ; Virk ; Witcombe, J.R.."
1998,"ICRISAT, - ;"
9999,"Craufurd, P ; Dorward, PTTeter ; Dogbe, W.ilson ; Djagbletey, Dennis ; Bimpong, Kofi ; Nutsugah, Stephen"
2001,"Halaswamy, B. H. ; Gowda, B. T. S. ; Seetharam, A. ; Virk ; Witcombe, J.R.."
2001,"Rana, B. S. ; Kaul, S. L. ; Appaji, Chari ; Parbhakar ; Kalyanshetty, N. S. ; Reddy, B. V. S. ; Witcombe, J.R.. ; Virk"
2001,"Mali, S. S. ; Virk ; Singh, K. B. ; Witcombe, J.R.."
2018,"Bajgai, Y. ; Dochen, T. ; Wangchuk, P. ; Kadian, M. S. ; Felde, T. zum ; Lefebvre, M. ; Lobzang ; Arya, S. ; Sangay ; Wangdi, T. ; Gyeltshen, T. ; Wangdi, N."
2019,"Haan, Stef de ; Salas, E. ; Fonseca, C. ; Gastelo, M. ; Amaya, N. ; Bastos, C. ; Hualla, V. ; Bonierbale, M"
2006,"Prasad, V. L. ; Bezkorowajnyj, P. G. ; Nigam, S. N. ; Hanson, J. ; Romney, D."
2001,"Joshi, K. D. ; Witcombe, J.R.."
2002,"SONGYIKHANGSUTHOR, K ; ATLIN, GN ; PHENGCHANH, S ; LINQUIST, B"
2014,"Kumara Charyulu, D. ; Bantilan, C. ; Sunandini, G. P. ; Deshmukh, R. G. ; Sameer Kumar, C. V. ; Marawar, M. W. ; Rao, G. D. N. ; Rajalaxmi, A. ; Shyam, D. M. ; Saxena, K. B."
2012,"Oyunga-Ogubi, M. A. ; Loechl, C. ; Quedraogo, H. ; Low, J"
2004,"KD Joshi ; A Musa ; Johansen, C ; D Harris ; KP Devkota ; S Gyawali ; Witcombe, J.R."
2008,"Singh, S.. K. ; Kumar, Shantanu ; Sah, A. K. Singh and Uma"
2019,"Kumara Charyulu, D. ; Moses Shyam, D."
2000,"Craufurd, P ; Dorward, PTTeter ; Opoku-Apau, Alex ; Dartey, Koffi ; Bimpong, I ; Marfo, Koffi"
2017,"Hairmansis, A. ; Supartopo ; Yullianida ; Warsono, D. ; Vera Cruz, C. M. ; Jamil, A. ; Suwarno, WB"
2019,"Arora, Diksha ; GarcÃ­a, MarÃ­a Alejandra"
2013,"Nayak, Y. P. Singh A. K. ; Sharma, DKKK ; Gautam, RK ; Singh, RKKK. ; Singh, RKK.anbir ; Mishra, V.K. ; M.Ismail, T. Paris and A."
2018,"Rubyogo, Jean-Claude ; Odhiambo, Wilfred"
2015,"Mudege, N ; Mukewa, E. ; Amele, A."
9999,"Paris, T R. ; Singh, AK ; Luis, Joyce ; Hossain, MF ; Singh, H. N. ; Singh, S.. ; Singh, Omkar"
9999,"Monyo, Emmanuel ; Ipinge, Sheemanje A. ; Heinrich, Geoffrey M. ; Chinhema, Effie"
1998,"Courtois, Brigitte ; Singh, RKK.akesh Kumar ; Pandey, S... ; Piggin, C. ; Paris, T ; Sarkarung, S. ; Singh, V. P. ; McLaren, G ; Baghel, S. S. ; Sahu, R. K. ; Sahu, V. N. ; Sharma, S. K. ; Singh, S.. ; Singh, H. N. ; Singh, AK. ; Singh, ON ; Sisodia, B. V. S. ; Misra, C. H. ; Roy, J. K. ; Chaudhary, D. ; Prasad, K. ; Sinha, P. K. ; Mandal, N. P."
2006,"Walker, Thomas S. ;"
2005,"Humphries, Sally ; Gallardo, K ; Jimenez, Jose ; Sierra, Fredy ; JimÃ©nez, JosÃ©"
9999,"Witcombe, J.R. ;"
2003,"Virk, D.S. ; Singh, D. N. ; Prasad, S.C. ; Gangwar, J. S. ; Witcombe, J.R."
9999,"Virk ;"
2004,"Gibson, RW ; Lamboll, R. I. ; Manu-Aduening, J. A. ; Moses, E. ; Lamptey, J. N. ; Dankyi, A. A. ; Ampong, M. G. ; Dixon, A. G. O."
2021,"Valle, JosÃ© Francisco ;"
2019,"Pircher, T. ; Obisesan, D. ; Nitturkar, H. ; Asumugha, G. N. ; Ewuziem, J. ; Anyaegbunam, H. ; Azaino, E. ; Akinmosin, B. ; Ioryina, A. ; Walsh, S. ; Almekinders, C"
2007,"Nindjin, C. ; OtokorÃ©, D. ; Hauser, S. ; Tschannen, A. ; Farah, Z. ; Girardin, O."
2008,"Kaguongo, Wachira ; Gildemacher, Peter ; Demo, Paul ; Wagoire, William ; Kinyae, Peter ; Andrade-Piedra, Jorge ; Forbes, Greg ; Fuglie, Keith ; Thiele, G.."
2015,"Goddard, J. ; Harris, K. ; Kelly, Allison ; Cullen, Alison C. ; Reynolds, T. ; Anderson, Leigh R."
2011,"Gibson, RW ; Mpembe, I. ; Mwanga, R. O. M."
2021,"Forsythe, L.ora ; Tufan, H. ; Bouniol, A ; Kleih, Ulrichlrich ; Fliedel, G..eneviÃ¨ve"
2018,"Bechoff, AurÃ©lie ; Tomlins, Keitheith ; Fliedel, G..eneviÃ¨ve ; Becerra Lopez-lavalle, Luis Augusto ; Westby, Andrew ; Hershey, C ; Dufour, D"
1998,"Chiwonaâ€Karltun, Linley ; Mkumbira, Jonathan ; Saka, J.O. ; Bovin, Mette ; Mahungu, Nzola M. ; Rosling, Hans"
2002,"Bellon, MR ; Reeves, Jane"
2017,"Bentley, J. W. ; Olanrewaju, A. S. ; Madu, T ; Olaosebikan, Olamide Deborah. ; Abdoulaye, A. ; Assfaw Wossen, Tesfamicheal ; Manyong, Victor M. ; Kulakow, P. A.. A. ; Ayedun, B. ; Ojide, M. ; Girma Tessema, G. ; Rabbi, I ; Asumugha, G. N. ; Tokula, M."
2019,"Van Etten, J. ; de Sousa, K ; Aguilar, AmÃ­lcar ; Barrios, Mirna ; Coto, Allan ; Dell'Acqua, M ; Fadda, C ; Kidane, Y.G. ; Van de Gevel, J. ; Gupta, Arnab ; Kiros, Afewerki Y. ; Madriz, Brandon ; Mathur, Prem ; Mengistu, Dejene K. ; Mercado, Leida ; Nurhisen Mohammed, Jemal ; Paliwal, Ambica ; Pe, M.E. ; QuirÃ³s, Carlos F. ; Rosas, Juan Carlos ; Sharma, Neeraj ; Singh, S.. ; Solanki, Iswhar S. ; Steinke, Jonathan"
2019,"Etten, Jacob Van ; Beza, Eskender ; Calderer, LluÃ­s ; Duijvendijk, Kees Van ; Fadda, C ; Fantahun, Basazen ; Kidane, Yosef Gebrehawaryat ; Gevel, Jeske Van De ; Gupta, Arnab ; Mengistu, DK ; Kiambi, Dan ; Mathur, Prem ; Mercado, Leida ; Mittra, Sarika ; Mollel, Margaret J. ; Rosas, Juan Carlos ; Steinke, Jonathan ; Suchini, Jose Gabriel ; Zimmerer, Karl S."
2020,"Fadda, C ; Mengistu, Dejene K. ; Kidane, Y.G. ; Dell'Acqua, M ; Pe, M.E. ; Van Etten, J."
2006,"Manu-Aduening, J. A. ; Lamboll, R. I. ; Ampong, M. G. ; Lamptey, J. N. ; Moses, E. ; Dankyi, A. A. ; Gibson, RW"
2021,"Ndjouenkeu, R ; Ngoualem Kegah, Franklin ; Teeken, B ; Okoye, B ; Madu, T ; Olaosebikan, Olamide Deborah. ; Chijioke, U ; Abolore, B ; Oluwaseun Osunbade, Adebowale ; Owoade, D ; Takam-Tchuente, Noel Hubert ; Biaton Njeufa, Esther ; Nguiadem Chomdom, Isabelle Linda ; Forsythe, L.ora ; Maziya-Dixon, Busieusie ; Fliedel, G..eneviÃ¨ve"
2008,"Aitchedji, Casimir ; Tenkouano, Abdou ; Coulibaly, Ousmane"
2013,"Ortmann, Gerald ; Wale, E. ; Tushemereirwe, W"
2013,"Akankwasa, K.. ; Ortmann, Gerald ; Wale, E. ; Tushemereirwe, W"
2015,"Akankwasa, K.enneth ; Ortmann, Gerald ; Wale, E."
2010,"Folorunsho, Waliyat ; Ayinde, Opeyemi"
2006,"Dzomeku, Beloved ; M, Osei-Owusu ; Ankomah, A.A. ; E, Akyeampong ; Kodjo, Darkey"
2007,"Dzomeku, Beloved ; Kodjo, Darkey ; Bam, R ; Ankomah, A.A."
2012,"B, Ekesa ; J, Kimiywe ; M.w, Davey ; C, Dhuique-Mayer ; Van den Bergh, I. ; Karamura, D.. ; G, Blomme"
2002,"Abera, A. ; Karamura, D..eborah"
2004,"Karamura, D... ; Mgenzi, B. ; Karamura, E. ; Sharrock, S."
2011,"Kikulwe, E ; Birol, Ekin ; Wesseler, Justus ; Falck-Zepeda, Jose"
2015,"KOUAME, Camille ; Kouassi, Nestor ; dri, Denis ; Amani, N'Guessan"
2003,"Mengue Efanden, Cyrille ; Temple, Ludovic ; TomekpÃ©, Kodjo"
2010,"Akankwasa, K.enneth ; Tushemereirwe, W ; Ragama, Philip"
2004,"Nowakunda, K. ; Tushemereirwe, W"
2000,"Nowakunda, K ; Rubaihayo, P.R. ; Ameny, Michael ; Tushemereirwe, W"
2010,"Ssali, RTTeuben ; Nowakunda, K ; Barekye, Alex ; Erima, R. ; Batte, Michael ; Tushemereirwe, W"
2010,"Uazire, A. ; Ribeiro, C. ; Mussane, Cecilia ; Pillay, Michael ; Blomme, Guy ; Fraser, C. ; Staver, Charles ; Karamura, E."
2022,"Anbazhagan, K ; Voorhaar, M ; Kholova, J ; Chadalavada, K ; Choudhary, S ; Mallayee, S ; Kaliamoorthy, S ; Garin, V ; Baddam, R ; Rao, KV ; Nedumaran, S ; Selvaraj, A"
2022,"Kilduff, A ; Tregeagle, D"
2022,"Ibitoye, D.O. ; Kolawole, A.O."
2022,"Okello, J.J. ; Swanckaert, J. ; Martin-Collado, D. ; Santos, B. ; Yada, B. ; Mwanga, R. O. M. ; Schurink, A. ; Quinn, M. ; Thiele, G.. ; Heck, S. ; Byrne, T.J..J. ; Hareau, G.G..G. ; Campos, H."
2022,"Ahmad Yahaya, M. ; Shimelis, H ; Nebie, B. ; Ojiewo, C. ; Danso-Abbeam, G."
2022,"Cairns, J.E. ; Baudron, F. ; Hassall, K.L. ; Ndhlela, T. ; Nyagumbo, I. ; McGrath, S.P. ; Haefele, S.M."
2019,"Weltzien, E... ; Rattunde, F. ; Christinck, A. ; Isaacs, K ; Ashby, JA"
2019,"Ortiz, O. ; Thiele, G.. ; Nelson, R. ; Bentley, J. W."
2021,"Hussen, Mubarik ; Biru, Tewodros"
2009,"Weltzien, E... ; Christinck, A."
2009,"Soleri, D. ; Cleveland, D. A."
2018,"Greenberg, Stephen ;"
2007,"Ceccarelli, S.alvatore ; Grando, S.tefania"
2009,"Vernooy, Ronnie ; Shrestha, PK ; Ceccarelli, S.alvatore ; Rios, Humberto ; Song, Yiching ; Humphries, Sally"
2021,"Madalla, Noel ;"
2021,"Mohammed, Saba Baba ; Dzidzienyo, D.K. ; Umar, Muhammad Lawan ; Ishiyaku, Mohammad Faguji ; Tongoona, P..angirayi Bernard ; Gracen, V"
1997,"Witcombe, J.R.. ;"
2002,"Virk ; Singh, D. N. ; Kumar, R ; Gangwar, J. S. ; Witcombe, J.R."
2002,"Mandal, N. P. ; Sinha, P. K. ; Singh, RKK.. K. ; Variar, M. ; Atlin, G. N."
2008,"Nkongolo, K. K. ; Chinthu, K. K. L. ; Malusi, M. ; Vokhiwa, Z."
2021,"Akankwasa, K. ; Marimo, P. ; Tumuhimbise, R ; Asasira, M ; Khakasa, E ; Mpirirwe, I ; Kleih, Ulrich ; Forsythe, L. ; Fliedel, G.. ; Dufour, D ; Nowakunda, K"
2022,"Wendmu, TA ; Cuni-Sanchez, A ; Abebe, HT ; de Boer, HJ ; Abera, FA ; Westengen, O"
2021,"Mudege, NN ; Mayanja, S ; Nyaga, J ; Nakitto, M ; Tinyiro, SE ; Magala, DB ; Achora, JC ; Kisakye, S ; Bamwirire, D ; Mendes, T ; Muzhingi, T"
2022,"Rabe, MM ; Baoua, IB ; Baributsa, D"
2018,"Acheampong, PP ; Owusu, Victor ; Nurah, Gyiele K."
2022,"Letting, FK ; Venkataramana, PB ; Ndakidemi, PA"
2022,"Kern, S ; Santos, B ; Topp, B ; Cave, R ; Bignell, G ; Mulo, S ; Hardner, C"
2023,"Asante, BO ; Frimpong, BN ; Asante, MD ; Prah, S ; Ayeh, SJ ; Sakyiamah, B ; Zenna, N ; Mujawamariya, G ; Tufan, H."
2017,"Sharma, N ; Sharma, A ; Sharma, JP ; Dubey, SK ; Dabas, JPS ; Sngh, BK ; Kumara, A. ; Ahmad, N ; Chakravorty, S ; Joshi, P ; Kishore, N ; Maurya, PP ; Singhi, K ; Dubey, AV"
2009,"Quaye, W ; Adofo, K ; Madode, YE ; Abizari, AR"
2021,"Botero, H ; Barnes, AP ; Perez, L ; Rios, D ; Ramirez-Villegas, J"
2023,"Okoro, JC ; Obioha, OG ; Ugah, DE ; Udoye, CE ; Aroh, JA ; Agwu, EA"
2015,"Laborte, AGG ; Paguirigan, NC ; Moya, PF ; Nelson, A ; Sparks, AH ; Gregorio, GB"
2022,"Wanga, MA ; Shimelis, H ; Mengistu, DK"
2019,"Pradel, W ; Gatto, M ; Hareau, G.G. ; Pandey, S.. ; Bhardway, V"
2023,"Miriti, P ; Regassa, MD ; Ojiewo, C. ; Melesse, MB"
2021,"Amare, K ; Kassahun, A"
2022,"Krishna, VV ; Veettil, PC"
2015,"Kolech, SA ; Halseth, D ; Perry, K ; De Jong, W ; Tiruneh, FM ; Wolfe, D"
1996,"Barkley, AP ; Porter, LL"
2012,"Asfaw, A ; Almekinders, CJM ; Blair, MW ; Struik, PC"
2022,"Okot, F ; Laing, M... ; Shimelis, H ; de Milliano, WAJ"
2005,"Oakley, AT ; Momsen, JH"
2021,"Nakyewa, B ; Sseremba, G ; Kabod, NP ; Rwothtimutung, M ; Kyebalyenda, T ; Waholi, K ; Buteme, R ; Nakanwagi, M.J. ; Bishop, G ; Kizito, EB"
2016,"Macholdt, J ; Honermeier, B"
2023,"Sanya, LN ; Ssali, RTTT ; Namuddu, MG ; Kyotalimye, M ; Marimo, P. ; Mayanja, S"
1997,"Baidu-Forson, J. ;"
2021,"Valombola, JS ; Awala, S ; Hove, K"
2022,"Sarkar, MAR ; Rahman, MC ; Rahaman, MS ; Sarker, MR ; Islam, M. A. ; Balie, J ; Kabir, MS"
2022,"Rai, P ; Bajgai, Y"
2003,"Hintze, LH ; Renkow, M ; Sain, G"
2021,"Mwamahonje, A ; Eleblu, JSY ; Ofori, K ; Deshpande, S ; Feyissa, T ; Bakuza, WE"
2022,"Dinssa, FF ; Minja, R ; Kariuki, T ; Mbwambo, O ; Schafleitner, R ; Hanson, P"
2022,"Chakle, S ; Tewolde, F ; Mamo, D"
2022,"Nyakurwa, CS ; Gasura, E ; Mabasa, S ; Rugare, JT ; Setimela, PS"
2021,"IOP ; Aristya, VE ; Taryono, T ; Trisyono, YA ; Mulyo, JH"
2006,"Joshi, G ; Bauer, S"
2021,"Nankya, R ; Mulumba, JW ; Lwandasa, H ; Matovu, M ; Isabirye, B ; De Santis, P ; Jarvis, DI"
2022,"Belayneh, DB ; Chondie, YG"
2021,"Mncwango, NC ; Van Jaarsveld, CM ; Ntuli, NR ; Mavengahama, S"
2018,"Gamboa, C ; Van den Broeck, G ; Maertens, M"
2020,"Ferede, M ; Demsie, Z"
2014,"Zawedde, BM ; Harris, C ; Alajo, A ; Hancock, JF ; Grumet, R"
2013,"Mayuoni-Kirshenbaum, L ; Bar-Ya'akov, I ; Hatib, K ; Holland, D ; Porat, R"
2008,"Foti, R ; Mapiye, C ; Mutenje, M ; Mwale, M ; Mlambo, N"
2018,"Gallardo, K ; Zhang, Q ; Dossett, M ; Polashock, J. ; Rodriguez-Saona, C ; Vorsa, N ; Edger, PP ; Ashrafi, H ; Babiker, E ; Finn, CEE ; Iorizzo, M"
2022,"Varshney, D ; Joshi, PK ; Roy, D ; Kumara, A."
2022,"Chataika, BY ; Akundabweni, LSM ; Sibiya, J ; Achigan-Dako, EG ; Sogbohossou, DEO ; Kwapata, K ; Awala, S"
2006,"Belay, G ; Tefera, H ; Tadesse, T ; Metaferia, G ; Jarra, D ; Tadesse, T"
2000,"Sall, S ; Norman, D ; Featherstone, AM"
2018,"Diallo, C ; Isaacs, K ; Gracen, V ; Toure, A ; Weltzien, E. ; Danquah, E. ; Sidibe, A ; Dzidzienyo, D.K. ; Rattunde, F ; Nebie, B ; Sylla, A ; Tongoona, P..B"
1996,"Chintu, EM ; Monyo, Emmanuel ; Gupta, SC"
2016,"Alhassan, A ; Salifu, H ; Adebanji, AO"
2015,"Amadi, CO ; Lang, AJ ; Dung, EA ; Lenka, DM ; Dalyop, TY ; Landeo, JA"
1992,"PRUDENCIO, CY ; ORKWOR, GC ; KISSIEDU, AFK"
2022,"Mujawamariya, G ; Zenna, N ; Leonard, L ; Andrianina, IT ; Ramiaramanana, D"
1996,"Letayo, EA ; Saadan, HM ; Mndolwa, SI ; Gupta, SC ; Monyo, Emmanuel"
2021,"Rozzanigo, E ; Stiletto, A ; Lomolino, G ; Vincenzi, S ; Trestini, S"
1991,"BELLON, MR ;"
2011,"Pandit, DB ; Mandal, MSN ; Hakim, MA ; Barma, NCD ; Tiwari, T. P., T. P., TP ; Joshi, A...."
2023,"Gaoh, BSB ; Gangashetty, PI ; Mohammed, R ; Govindaraj, M ; Dzidzienyo, D.K. ; Tongoona, P.."
1996,"Sthapit, BR ; Joshi, K. D. ; Witcombe, J.R."
2023,"Kwambai, TK ; Griffin, D ; Struik, PC ; Stack, L ; Rono, S ; Brophy, C ; Nyongesa, M ; Gorman, M"
2023,"Lassoued, R ; Smyth, SJ"
2014,"Mitchell, JH ; Sipaseuth ; Fukai, S"
2020,"Adekambi, SA ; Okello, JJ ; Rajendran, S ; Acheremu, K ; Carey, E ; Low, J ; Abidin, PE"
2023,"Monyo, Emmanuel S. ; Teeken, B ; Ayetigbo, O ; Adesokan, M ; Kayondo, I ; Chijioke, U ; Madu, C ; Okoye, B ; Abolore, B ; Njoku, D ; Rabbi, I ; Egesi, C.N. ; Ndjouenkeu, R ; Bouniol, A ; de Sousa, K ; Dufour, D ; Maziya-Dixon, Busie"
2021,"Asante, BO ; Adabah, R ; Agyeman, K ; Ayeh, SJ ; Aidoo, R ; Afona, D"
2021,"Maligalig, R ; Demont, M ; Umberger, WJ ; Peralta, A"
2021,"Iragaba, P ; Hamba, S ; Nuwamanya, E ; Kanaabi, M ; Nanyonjo, RA ; Mpamire, D ; Muhumuza, N ; Khakasa, E ; Tufan, H. ; Kawuki, RS"
2021,"Otegbayo, B ; Madu, T ; Oroniran, O ; Chijioke, U ; Fawehinmi, O ; Okoye, B ; Tanimola, A ; Adebola, P ; Obidiegwu, J"
2023,"Zander, KK ; Blaise, P ; Holm-Muller, K"
2002,"Abidin, PE ; van Eeuwijk, FA ; Stam, P ; Struik, PC ; Zhang, DP ; Hermann, M ; Carey, E"
2021,"Mwanga, ROM ; Mayanja, S ; Swanckaert, J ; Nakitto, M ; Zum Felde, t. ; Gruneberg, W ; Mudege, N ; Moyo, M ; Banda, L ; Tinyiro, SE ; Kisakye, S ; Bamwirire, D ; Anena, B ; Bouniol, A ; Magala, DB ; Yada, B ; Carey, E ; Andrade, M ; Johanningsmeier, SD ; Forsythe, L. ; Fliedel, G.. ; Muzhingi, T ;"
2019,"Ribeiro, ND ; Casagrande, CR ; Mezzomo, HC ; Klasener, GR ; Steckling, SD"
2021,"Teeken, B ; Agbona, A ; Bello, A. ; Olaosebikan, Olamide Deborah ; Alamu, EO ; Adesokan, M ; Awoyale, W ; Madu, T ; Okoye, B ; Chijioke, U ; Owoade, D ; Okoro, M ; Bouniol, A ; Dufour, D ; Hershey, C ; Rabbi, I ; Maziya-Dixon, Busie ; Egesi, C.N. ; Tufan, H ; Kulakow, P. A."
2014,"Fisher, M ; Snapp, SS"
2021,"Sanchez-Toledano, BI ; Cuevas-Reyes, V ; Kallas, Z ; Zegbe, JA"
2008,"Fla State Hort Soc ; Simonne, A ; Datar, R ; Simonne, A ; Hochmuth, R ; Gazula, A"
2021,"Chijioke, U ; Madu, T ; Okoye, B ; Ogunka, AP ; Ejechi, M ; Ofoeze, M ; Ogbete, C ; Njoku, D ; Ewuziem, J ; Kalu, C ; Onyemauwa, N ; Ukeje, B ; Achonwa, O ; Forsythe, L. ; Fliedel, G.. ; Egesi, C.N."
2012,"Lunduka, R ; Fisher, M ; Snapp, SS"
2022,"Effah-Manu, L ; Wireko-Manu, FD ; Agbenorhevi, JK ; Maziya-Dixon, Busie ; Oduro, IN ; Baah-Ennum, TY"
2007,"Joshi, K. D. ; Musa, AM ; Johansen, C ; S Gyawali ; Harris, D ; Witcombe, J.R."
2008,"Efisue, A ; Tongoona, P.. ; Derera, J ; Langyintuo, A ; Laing, M... ; Ubi, B"
2022,"Ghebreagziabiher, FG ; Gorman, M ; Burke, J ; Struik, PC ; Griffin, D"
2022,"Beye, A ; Diakhate, PB ; Diouf, O ; Faye, A ; Obour, AK ; Stewart, ZP ; Assefa, Y ; Min, D ; Prasad, PVV"
2023,"Karikari, B ; Delle Maale, M ; Anning, E ; Akakpo, DB ; Abujaja, AM ; Addai, IK"
2013,"Abebe, GK ; Bijman, J ; Pascucci, S ; Omta, O"
2021,"Gimenez-Sanchis, A ; Tarrega, A ; Tarancon, P ; Aleza, P ; Besada, C"
2014,"Bonany, J ; Brugger, C ; Buehler, A ; Carbo, J ; Codarin, S ; Donati, F ; Echeverria, G ; Egger, S ; Guerra, W ; Hilaire, C ; Holler, I ; Iglesias, I ; Jesionkowska, K ; Konopacka, Dorota ; Kruczynska, D ; Martinelli, A ; Petiot, C ; Sansavini, S ; Stehr, R ; Schoorl, F"
2021,"Nanyonjo, RA ; Kawuki, RS ; Kyazze, F ; Esuma, W ; Wembabazi, E ; Dufour, D ; Nuwamanya, E ; Tufan, H"
2016,"Abebe, GK ; Bijman, J ; Pascucci, S ; Omta, SWF ; Tsegaye, A"
2015,"Chiwona - Karltun, L ; Nyirenda, D ; Mwansa, CN ; Kongor, JE ; Brimer, L ; Haggblade, S ; Afoakwa, EO"
2016,"Brouwer, BO ; Murphy, K ; Jones, SS"
2022,"Bissah, MN ; Kotey, DA ; Tongoona, P.. ; Egbadzor, KF ; Gracen, V ; Danquah, E."
1995,"ADESINA, AA ; BAIDUFORSON, J"
2023,"Ulzen, OO ; Buri, MM ; Sekyi-Annan, E ; KP Devkota ; Dossou-Yovo, ER ; Ayamba, BE ; Adjei, EO"
2017,"Sanchez-Toledano, BI ; Kallas, Z ; Gil-Roig, JM"
2022,"Loko, YLEE ; Zandjanakou-Tachin, M ; Montcho, D ; Toffa, J ; Agolo, A ; Okpeicha, R ; Orobiyi, A ; Gavoedo, D ; Dansi, A"
2021,"Loko, YLEE ; Ewedje, EE ; Orobiyi, A ; Djedatin, G ; Toffa, J ; Gbemavo, CDSJ ; Tchakpa, C ; Gavoedo, D ; Sedah, P ; Sabot, F"
2016,"Karamura, E. ; Tinzaara, W ; Kikulwe, E ; Ochola, D ; Ocimati, W ; Karamura, D.."
2017,"Melfa & Workaye Farmer Community ; Mancini, C ; Kidane, Y.G. ; Mengistu, DK ; Pe, ME ; Fadda, C ; Dell'Acqua, M"
2018,"Floro, VO ; Labarta, RA ; Lopez-Lavalle, LAB ; Martinez, JM ; Ovalle, TM"
2004,"Masangano, CM ; Miles, CA"
1993,"SPERLING, L ; LOEVINSOHN, ME ; NTABOMVURA, B"
2002,"Abeyasekera, S ; Ritchie, JM ; Lawson-McDowall, J"
2011,"Quaye, W ; Adofo, K ; Buckman, ES ; Frempong, G ; Jongerden, J ; Ruivenkamp, G"
2014,"Mucioki, M ; Mucioki, M ; Johns, T"
2023,"Effah-Manu, L ; Wireko-Manu, FD ; Agbenorhevi, JK ; Maziya-Dixon, Busie ; Oduro, IN"
2020,"Addison, M ; Mujawamariya, G ; Barn, R"
2011,"Ouma, James Okuro ; Odendo, Martins ; Bett, C. ; De Groote, H ; Mugo, S ; Mutinda, C ; Gethi, James ; Nutsugah, Stephen ; Ajanga, S ; Shuma, J"
2013,"De Groote, H ; Dema, G ; Sonda, GB ; Gitonga, ZM"
1996,"Holtland, G ;"
2021,"Rimlinger, A ; Duminil, J ; Lemoine, T ; Avana, ML ; Chakocha, A ; Gakwavu, A ; Mboujda, F ; Tsogo, M ; Elias, M ; Carriere, SM"
2006,"Chianu, J ; Vanlauwe, B ; Mukalama, J ; Adesina, A.A. ; Sanginga, N"
2022,"Martey, E. ; Etwire, PM ; Adogoba, DS ; Tengey, TK"
2016,"Custodio, MC ; Demont, M ; Laborte, AG ; Ynion, J"
2010,"vom Brocke, K ; Trouche, G ; Weltzien, E.. ; Barro-Barro-Kondombo-Barro, CP ; Goze, E ; Chantereau, J"
2010,"Bucheyeki, TL ; Shenkalwa, EM ; Mapunda, XT ; Matata, WL"
2017,"Macholdt, J ; Honermeier, B"
2010,"S Gyawali ; Sthapit, BR ; Bhandari, B ; Bajracharya, J ; Shrestha, PK ; Upadhyay, MP ; Jarvis, DI"
2021,"Agyeman, K ; Asante, BO ; Berchie, JN ; Sarkodie-Addo, J ; Marno, P ; Adabah, R"
2022,"Dermail, A ; Fuengtee, A ; Lertrat, K ; Suwarno, WB, WB ; Lubberstedt, T ; Suriharn, K"
2018,"Kangile, RJ ; Gebeyehu, S ; Mollel, H"
2009,"Ojwang', PPO ; Melis, R ; Songa, JM ; Githiri, M ; Bett, C."
2017,"Wang, ZR ; Zhou, JY ; Xu, XY ; Perl, A ; Chen, SW ; Ma, HQ"
2018,"Parth, S ; Ardeshna, NJ ; Suvagiya, D ; Swaminathan, B"
2020,"Sogoba, B ; Traore, B ; Safia, A ; Samake, OB ; Dembele, G ; Diallo, S ; Kabore, R ; Benie, GB ; Zougmore, RBB ; Goita, K"
2008,"Dixon, A. G. O. ; Akoroda, MO ; Okechukwu, RU ; Ogbe, F ; Ilona, P ; Sanni, LO ; Ezedinma, C ; Lemchi, J ; Ssemakula, G ; Yomeni, MO ; Okoro, E ; Tarawali, G"
2022,"Marenya, P ; Wanyama, R ; Alemu, S ; Westengen, O ; Jaleta, M"
2020,"Kinhoegbe, G ; Djedatin, G ; Loko, LEY ; Favi, AG ; Adomou, A ; Agbangla, C ; Dansi, A"
2023,"Adinsi, L ; Djibri-Moussa, I ; Honfozo, L ; Bouniol, A ; Meghar, K ; Alamu, EOO ; Adesokan, M ; Arufe, S ; Ofoeze, M ; Okoye, B ; Madu, T ; Hotegni, F ; Chijioke, U ; Otegbayo, B ; Dufour, D ; Hounhouigan, JD ; Ceballos, H ; Mestres, C ; Akissoe, NH"
2003,"Kafiriti, EM ; Dondeyne, S ; Msomba, S ; Deckers, JA ; Raes, D"
2020,"IOP ; Bakar, BA ; Azis, A ; Yusriani, Y ; Idawanni ; Andriani, R ; Bubu, YG ; Rosa, E ; Fachruddin"
2008,"Bucheyeki, TL ; Shenkalwa, EM ; Mapunda, XT ; Matata, LW"
1997,"Thiele, G. ; Gardner, G ; Torrez, R ; Gabriel, J"
2003,"Ceccarelli, S. ; Grando, S. ; Singh, M ; Michael, M ; Shikho, A ; Al Issa, M ; Al Saleh, A ; Kaleonjy, G ; Al Ghanem, SM ; Al Hasan, AL ; Dalla, H ; Basha, S ; Basha, T"
2010,"Naico, ATA ; Lusk, Jayson L."
2010,"Fufa, F ; Grando, S. ; Kafawin, O ; Shakhatreh, Y ; Ceccarelli, S."
2007,"Danial, D ; Parlevliet, J ; Almekinders, C ; Thiele, G."
2017,"Orobiyi, A ; Loko, YLE ; Sanoussi, F ; Adjatin, A ; Gbaguidi, A ; Dansi, A ; Sanni, A"
2015,"Lyon, A ; Silva, E ; Zystro, J ; Bell, M"
2010,"Dansi, A ; Adoukonou-Sagbadja, H ; Vodouhe, R"
2015,"Kolech, SA ; Halseth, D ; Jong, WD ; Perry, K ; Wolfe, D ; Tiruneh, FM ; Schulz, S"
2017,"Yokouchi, T ; Saito, K"
2002,"Matala, V ;"
2015,"Campanelli, G ; Acciarri, N ; Campion, B ; Delvecchio, S ; Leteo, F ; Fusari, F ; Angelini, P ; Ceccarelli, S."
2021,"Jogo, W ; Bocher, T ; Grant, F"
2017,"Kidane, Y.G. ; Mancini, C ; Mengistu, DK ; Frascaroli, E ; Fadda, C ; Pe, ME ; Dell'Acqua, M"
2005,"Ndjeunga, J ; Nelson, CH"
2007,"Felix, AD ; Roferos, LT ; Bandonill, E. ; Julian, BO"
2016,"Testen, AL ; Mamiro, DP ; Mtui, HD ; Nahson, J ; Mbega, ER ; Francis, DM ; Miller, SA"
2022,"Muhinyuza, JB ; Mukamuhirwa, A ; Mutimawurugo, MC ; Mazimpaka, JD ; Muhinyuza, JB ; Rios, ROO"
2022,"Alibu, S ; Obura, M ; Ekebu, J ; Nampamya, D ; Lamo, J ; Asea, G ; Park, TS"
2010,"Causse, M. ; Friguet, C ; Coiret, C ; Lepicier, M ; Navez, Brigitte ; Lee, M ; Holthuysen, N ; Sinesio, Fiorella ; Moneta, E ; Grandillo, S"
2017,"IOP ; Sembiring, A"
2020,"Adekambi, SA ; Okello, JJ ; Abidin, PE ; Carey, E"
2022,"Ganeme, A ; Barro-Kondombo-Barro, CP ; Raboin, LM ; Dusserre, J ; Kabore, R ; Adam, M ; Traore, S"
2018,"Sundari ; Roini, C"
2020,"IOP ; Muslimin ; Halil, W ; Dewayani, W"
2022,"Fritz, KR ; Dean, LL ; Hendrix, KW ; Andres, RJ ; Newman, CS ; Oakley, AT ; Clevenger, JP ; Dunne, JC"
2021,"Al Mahmud, A ; Hassan, MM ; Alam, MJ ; Molla, MSH ; Ali, M ; Mohanta, HC ; Alam, MS ; Islam, M. A. ; Talukder, MAH ; Ferdous, MZ ; Amin, MR ; Hossain, MF ; Anwar, MM ; Islam, MS ; Dessoky, ES ; Hossain, A"
2022,"De Santis, G ; Ponzini, D ; Stentella, R ; Gaifami, T ; Bussi, B ; Caimo-Duc, R ; Stocchi, U ; Cuneo, M ; Paravicini, M ; Bocci, R ; Petitti, M ; Ceccarelli, S."
2022,"Adejumobi, II ; Agre, AP ; Onautshu, DO ; Adheka, JG ; Bambanota, MG ; Monzenga, JCL ; Komoy, JL ; Cipriano, IM"
2004,"Khanal, N ; Harris, D ; Sherpa, LT ; Giri, RK ; Joshi, K. D."
2018,"Asfaw, A ; Woldegiorgis, G ; Kolech, SA ; Mulugeta, G ; Mulugeta, D ; Ngugi, A ; Burgos, G ; Zum Felde, t. ; Bonierbale, M"
2019,"Bairagi, S ; Mohanty, S ; Custodio, MC"
2013,"Rocha, MD ; Deliza, R ; Correa, FM ; do Carmo, MGF ; Abboud, ACS"
2016,"Cliff, MA ; Stanich, K ; Lu, R ; Hampson, CR"
2018,"Ibrahim, AR ; Dansi, A ; Salifou, M ; Ousmane, A ; Alzouma, A ; Alou, W"
2021,"Lamessa, K ;"
2022,"Marenya, P ; Wanyama, R ; Alemu, S ; Woyengo, V"
2019,"Mogga, M ; Sibiya, J ; Shimelis, H ; Lamo, J ; Ochanda, N"
2014,"De Groote, H ; Chege, CK ; Tomlins, Keith ; Gunaratna, NS"
2019,"Kumara, A.Y. ; Ajeigbe, H. A. ; Ndaghu, N ; Kamsang, L ; Ademulegun, T ; Solomon, R"
2017,"Agre, AP ; Bhattacharjee, R ; Dansi, A ; Lopez-Lavalle, LAB ; Dansi, M ; Sanni, A"
1999,"Dahl, BL ; Wilson, WW"
2021,"Britwum, K ; Demont, M"
2013,"Rana, Rajesh K. ; Sharma, N ; Arya, S ; Singh, B. P. ; Kadian, M. S. ; Chaturvedi, R ; Pandey, S.."
2015,"Fla State Hort Soc ; Olmstead, MA ; Gilbert, JL ; Colquhoun, TA ; Clark, DG ; Kluson, R ; Moskowitz, HR"
2014,"Chentoufi, L ; Sahri, A ; Arbaoui, M ; Belqadi, L ; Birouk, A ; Roumet, P ; Muller, M"
2020,"Del Carmen, DR ; Esguerra, EB ; Gerance, AA"
2020,"Klasener, GR ; Ribeiro, ND ; Casagrande, CR ; Arns, FD"
2007,"Stevens, MD ; Lea-Cox, JD ; Black, BL ; Abbott, JA"
2004,"Dalton, TJ ;"
2020,"Lewers, KS ; Newell, MJ ; Park, E ; Luo, YG"
2017,"Barlagne, C ; Cornet, D ; Blazy, JM ; Diman, JL ; Ozier-Lafontaine, H"
2016,"Akintunde, OO ; Obayelu, OA"
2019,"Sardar, AS ; Modak, S ; Das, L ; Pal, PK ; Nain, MS ; Panda, S ; Mandal, S"
2014,"Corollaro, ML ; Gasperi, F ; Grappadelli, LC"
2011,"Bishaw, Z ; Struik, PC ; van Gastel, AJG"
2008,"Aw-Hassan, A ; Mazid, A ; Salahieh, H"
2011,"Chupungco, AR ; Elazegui, DD ; Nguyen, MR"
2004,"Campbell, BL ; Nelson, RG ; Ebel, RC ; Dozier, WA ; Adrian, JL ; Hockema, BR"
2019,"Casals, J ; Rivera, A ; Sabate, J ; del Castillo, RR ; Simo, J"
2001,"Bellon, MR ; Risopoulos, J"
2007,"Agwu, EA ; Anyaeche, CL"
2002,"Snapp, SSS ; Silim, SN"
2006,"Virk ; Chakraborty, M ; Ghosh, J ; Harris, D"
2015,"Lebot, V ; Malapa, R ; Sardos, J"
2011,"Steyn, WJ ; Manning, N ; Muller, M ; Human, JP"
2005,"Montes-Hernandez, S ; Merrick, LC ; Eguiarte, LE"
2014,"Gilbert, JL ; Olmstead, JW ; Colquhoun, TA ; Levin, LA ; Clark, DG ; Moskowitz, HR"
2019,"Annicchiarico, P ; Russi, L ; Romani, M ; Pecetti, L ; Nazzicari, N"
2020,"Bairagi, S ; Demont, M ; Custodio, MC ; Ynion, J"
2023,"De Groote, H ; Ndegwa, MK ; Muriithi, N ; Munyua, B ; Collinson, S ; Olsen, MSS"
2019,"Ogunleke, AO ; Baiyegunhi, LJS"
2022,"Agapie, OL ; Vinatoru, C ; Barcanu, E ; Tanase, BE ; Gherase, I ; Dobre, G"
1998,"Brush, SB ; Meng, E"
2022,"Puska, A ; Nedeljkovic, M ; Prodanovic, R ; Vladisavljevic, R ; Suzic, R"
2014,"De Groote, H ; Gunaratna, NS ; Okuro, JO ; Wondimu, A ; Chege, CK ; Tomlins, Keith"
2023,"Bahtiar ; Arsyad, M ; Salman, D ; Azrai, M ; Tenrirawe, A ; Yasin, M ; Gaffar, A ; Sebayang, A ; Ochieng, PJ"
2021,"Predieri, S ; Gatti, E ; Cianciabella, M ; Daniele, GM ; Magli, M ; Kusch, C ; Contador, L ; Infante, R"
2021,"Aguessy, S ; Idossou, R ; Dassou, AG ; Estelle, LYL ; Yelome, OI ; Gbaguidi, A ; Agre, AP ; Dansi, A ; Agbangla, C"
2005,"Gibson, RW ; Lyimo, NG ; Temu, AEM ; Stathers, TE ; Page, WW ; Nsemwa, LTH ; Acola, G ; Lamboll, R. I."
2014,"Dugje, IY ; Odo, PE ; Teli, IA ; Kumara, A.Y. ; Asiedu, EA"
2021,"Carneiro, R ; Duncan, S ; O'Keefe, S ; Yu, DJ ; Huang, HB ; Yin, Y ; Neill, C ; Zhang, B ; Kuhar, T ; Rideout, S ; Reiter, M ; Ross, J ; Chen, PY ; Gillen, A"
2018,"Sngh, BK ; Sharma, N ; Dubey, SK ; Sharma, JP ; Sharma, A ; Sagar, VR ; Singh, K ; Kishore, N"
2011,"Basu, D ; Basu, G ; Biswas, S ; Goswami, R"
2020,"Andrade, NJP ; Monteros-Altamirano, A ; Bastidas, CGT ; Sorensen, M"
2011,"Casals, J ; Pascual, L ; Canizares, J ; Cebolla-Cornejo, J ; Casanas, F ; Nuez, F"
2020,"Martey, E. ; Goldsmith, P"
1997,"Mekbib, F ;"
2000,"Ceccarelli, S. ; Grando, S. ; Tutwiler, R ; Baha, J ; Martini, AM ; Salahieh, H ; Goodchild, A ; Michael, M"
2020,"IOP ; Jaya, R ; Ferayanti, F ; Idawanni ; Rahmah, FF ; Ardiansyah, R ; Rahmi, CH ; Yusriana"
2002,"Nissen, RJ ; Smith, LG ; Broadley, RH ; Sisson, CS"
2021,"Moyo, M ; Ssali, RTT ; Namanda, S ; Nakitto, M ; Dery, EK ; Akansake, D ; Adjebeng-Danquah, J ; Van Etten, J. ; de Sousa, K ; Lindqvist-Kreuze, H ; Carey, E ; Muzhingi, T"
2021,"Lado, J ; Rivas, F ; Moltini, AI ; Alcaire, F ; Ares, G"
2023,"Atieno, EO ; Kilwinger, FBM ; Almekinders, CJM ; Struik, PC"
2021,"Mausch, K ; Almekinders, CJM ; Hambloch, C ; McEwan, MA"
2012,"Cerda, AA ; Garcia, LY ; Ortega-Farias, S ; Ubilla, AM"
2018,"Houngue, JA ; Pita, JS ; Cacai, GHT ; Zandjanakou-Tachin, M ; Abidjo, EAE ; Ahanhanzo, C"
2007,"Ceccarelli, S. ; Grando, S. ; Baum, M"
2020,"Teferi, ET ; Kassie, GT ; Pe, ME ; Fadda, C"
2021,"Craine, EB ; Bramwell, S ; Ross, CF ; Fisk, S ; Murphy, K"
2023,"Ahomondji, S.E. ; Agoyi, E.E. ; Agbangba, C.E. ; Lokonon, B.E. ; Agbahoungba, S. ; Assogbadjo, A.E. ; Sinsin, B."
2022,"Kassa, Y. ; Ayele, T. ; Teferra, B. ; Abie, A."
2023,"Cholo, M. ; Marisennayya, S. ; Bojago, E. ; Leja, D. ; Divya, R.K."
2023,"Gesesse, C.A. ; Nigir, B. ; de Sousa, K. ; Gianfranceschi, L. ; Gallo, G.R. ; Poland, J. ; Kidane, Y.G. ; Desta, E.A. ; Fadda, C. ; PÃ¨, M.E. ; Dell'Acqua, M"
2023,"Madalla, Noel ; Swennen, R. ; Brown, A. ; Carpentier, S. ; Van den Bergh, I. ; Crichton, R. ; Marimo, P.. ; Weltzien, E... ; Massawe, C. ; Shimwela, M. ; Mbongo, D. ; Kindimba, G. ; Kubiriba, J. ; Tumuhimbise, R. ; Okurut, A.W. ; Cavicchioli, M. ; Ortiz, Rodomiro"
2023,"Syamsuri, R. ; Hanifa, A.P. ; Yuniarsih, E.T."
2022,"Kassa, Y. ; Abie, A. ; Mamo, D. ; Ayele, T."
2022,"Onugo, T.N. ; Onyeneke, R.U."
2022,"Goa, Y. ; Worku, W. ; Mohammed, H. ; Urage, E."
2022,"Basuki, R.S. ; Khaririyatun, N. ; Kirana, R. ; Thamrin, M."
2022,"Kyebalyenda, T. ; Nakanwagi, M.J. ; Sseremba, G. ; Buteme, R. ; Kabod, NP ; Odeke, V. ; Amayo, R. ; Runyararo, J.R. ; Egeru, A. ; Falk, T. ; Kizito, E.B."
2021,"Surdianto, Y. ; Sunandar, B. ; Sutrisna, N."
2021,"Osewe, M. ; Liu, A. ; Han, J."
2021,"Britwum, K. ; Demont, M."
2021,"Mehmood, K. ; Rehman, A. ; Khan, A."
2021,"Geda, S.A. ; KÃ¼hl, R."
2020,"Feyissa, T ; Megersa, H.G."
2020,"Achoja, F.O. ; Enujeke, E.C. ; Ogisi, O.D. ; Overehirha, R.T."
2019,"Chimonyo, V.G.P. ; Mutengwa, C.S. ; Chiduza, C. ; Tandzi, L.N."
2019,"Sheeba, A. ; Mohan, S. ; Banumathy, S. ; Agila, R."
2019,"Kolech, S.A. ; De Jong, W. ; Halseth, D. ; Schulz, S."
2017,"Kolech, S.A. ; Jong, W.D. ; Perry, K. ; Halseth, D. ; Mengistu, F."
2017,"Namugga, P. ; Melis, R. ; Sibiya, J. ; Barekye, A."
2018,"Kindie, Y. ; Nigusie, Z."
2016,"Vijayachandra Reddy, S. ; Kammar, S."
2017,"Thangapandian, R. ; Sumathi, P. ; Yuvaraja, A. ; Joseph, M. ; Sanjivkumar, V."
2016,"Tekalign, A. ; Derera, J. ; Sibiya, J. ; Fikre, A."
2016,"Elmyhun, M. ; Mekonen, M."
2015,"Balcha, A. ; Tigabu, R."
2014,"Assefa, T. ; Sperling, L. ; Dagne, B. ; Argaw, W. ; Girma Tessema, G. ; Beebe, S."
2015,"Gurmu, F. ; Hussein, S. ; Laing, M...."
2015,"Rahman, M.A. ; Thant, A.A. ; Win, M. ; Tun, M.S. ; Moet Moet, P. ; Thu, A.M. ; Win, K.T. ; Myint, O. ; Myint, O. ; Tuntun, Y. ; Labios, R.V. ; Casimero, M.C. ; Gregorio, GB ; Johnson, D.E. ; Singleton, G.R. ; Singh, RKK..K."
2015,"Egbadzor, K.F. ; Offei, S.K. ; Danquah, E. ; Kotey, D.A. ; Gamedoagbao, D.K. ; Dadoza, M. ; Yeboah, M. ; Ofori, K."
2013,"Adeniji, O. T. ; Aloyce, A."
2011,"Asumadu, H. ; Ewool, M.B. ; Obeng-Antwi, K."
2009,"Belay, G. ;"
2008,"Mekbib, F. ;"
2008,"Oyekanmi, A.A. ; Okeleye, K.A. ; Okonji, C.J."
2007,"McElhinny, E. ; Peralta, E. ; MazÃ³n, N. ; Danial, D ; Thiele, G.. ; Lindhout, P."
2006,"Kumara, A.Y.Y.Y.Y. ; Kureh, I. ; Menkir, A. ; Kartung, P. ; Tarfa, B. ; Amaza, P."
2004,"Lawal, B.O. ; Saka, J.O. ; Oyegbami, A. ; Akintayo, I.O."
1995,"Adesina, A.A..A. ; Seidi, S."
2021,"Hossain, Sk Mosharaf ;"
2008,"Jemison, John M., Jr. ; Sexton, Peter ; Camire, Mary Ellen"
1996,"Kumara, A.Y.Y.Y. ; Defoer, T. ; De Groote, H"
2012,"Adeniji, O. T. ; Aloyce, A."
2020,"Zamzami, Lizia ; Andrini, Anis ; Budiyati, Emi"
2011,"Rana, Rajesh K. ; Sharma, Neeraj ; Kadian, M. S. ; Bh, Girish ; Arya, S. ; Campilan, D. ; Pandey, S... ; Carli, Carlo ; Patel, N. H. ; Singh, B. P."
2021,"Dufour, D ; Hershey, C ; Hamaker, Bruce R. ; Lorenzen, Jim"
2019,"Mukankusi, Clare ; Raatz, Bodo ; Nkalubo, Stanley ; Berhanu, Fenta ; Binagwa, Papias ; Kilango, Michael ; Williams, Magdalena ; Katungi, Enid ; Chirwa, R ; Beebe, Steve"
2010,"Sinesio, Fiorellaiorella ; Cammareri, Maria ; Moneta, E ; Navez, Brigitterigitte ; Peparaio, Marina ; Causse, M.athilde ; Grandillo, Silvana"
2018,"Batlang, Utlwang ; King, Charles, Jr. ; Ngwako, Samodimo ; Nkomazana, Chipo ; Malambane, Goitseone ; Mpuisang, Thembeka ; Moroke, Thebeetsile S. ; Mashungwa, Gloria N. ; Bagwasi, Gaesejwe ; Pule-Meulenberg, Flora ; Ng'uni, Dickson ; Munkombwe, Graybill"
1980,"JACKSON M T ; HAWKES J G ; ROWE P R"
2021,"Charoenthaikij, Phantipha ; Chaovanalikit, Arusa ; Uan-On, Tanat ; Waimaleongora-ek, Pamarin"
2020,"Acevedo, Maricelis ; Pixley, Kevin ; Zinyengere, Nkulumo ; Meng, Sisi ; Tufan, H. ; Cichy, Karen ; Bizikova, Livia ; Isaacs, K ; Ghezzi-Kopel, Kate ; Porciello, Jaron"
1997,"Behera, U. K. ; Jha, K. P."
2020,"IOP ; Salmiah ; Nauli, O. ; Sihombing, L."
2006,"Jesionkowska, K ; Konopacka, Dorotaorota ; Plocharski, Witold"
2021,"Lazaro, Almudena ; Ruiz-Aceituno, Laura"
2015,"Kwak, Han Sub ; Kim, Misook ; Lee, Youngseung ; Jeong, Yoonhwa"
2019,"Varshney, Rajeev K. ; Ojiewo, Chris ; Monyo, Emmanuel"
2002,"Cliff, MA ; Sanford, Katherine ; Wismer, Wendy ; Hampson, CR"
2022,"Constantino, Leonel Vinicius ; Goncalves, Leandro S. A. ; Corte, Ligia Erpen-Dalla ; Baba, Viviane Y. ; Zeffa, Douglas M. ; Giacomin, Renata M. ; Cassia, Raul Maria ; Resende, Juliano Tadeu V."
2019,"Menezes Ayres, Ellen Mayra ; Lee, Soh Min ; Boyden, Laurie ; Guinard, Jean-Xavier"
2003,"Causse, M.. ; Buret, M. ; Robini, K. ; Verschave, P."
2011,"Gallardo, K ; Kupferman, Eugene ; Colonna, Ann"
2005,"Buijs, Jasper ; Martinet, Marianne ; de Mendiburu, Felipe ; Ghislain, Marc"
2002,"Suwansri, S. ; Meullenet, J.-F. ; Hankins, J. A. ; Griffin, K."
2013,"Jaradat, Abdullah A. ;"
2007,"Ghosh, A. ; Satya, P. ; Mukhopadhyay, P."
2018,"Adejuwon, J. O. ;"
2022,"Junior, Santino Seabra ; Casagrande, Jessica Gawski ; Toledo, Claudia Aparecida de Lima ; Ponce, Franciely da Silva ; Ferreira, Fernanda da Silva ; Zanuzo, Marcio Roggia ; Diamante, Marla Silvia ; Lima, Giuseppina Pace Pereira"
2015,"Bagheri, Asghar  ;"
2016,"Bosch, Christine ; Zeller, Manfred ; Deffner, Domenica"
2007,"Cole, Jesse ;"
2007,"Dury, Sandrine ; Meuriot, Veronique ; Fliedel, G..enevieve ; Blancher, Sandy ; Guindo, Fanta Bore ; Drame, Djibril ; Bricas, Nicolas ; Diakite, Lamissa ; Cruz, Jean-Francois"
2005,"Faye, Mbene Dieye ;"
2004,"Faye, Mbene Dieye ; Jooste, Andre ; Lowenberg-DeBoer, James ; Fulton, Joan R."
2011,"Gallardo, K ;"
2009,"Gallardo, K ; Lusk, Jayson L. ; Holcomb, Rodney B. ; Rayas-Duarte, Patricia"
2011,"Gao, Zhifeng ; House, Lisa ; Gmitter, Fred G., Jr. ; Valim, M. Filomena ; Plotto, Anne ; Baldwin, Elizabeth A."
2000,"Kim, Renee B. ; Unterschultz, James R. ; Veeman, Michele M."
2018,"Laizer, Japhet S. ; Baharanyi, Ntam R. ; Zabawa, Robert ; Kadigi, Reuben M. J."
1989,"Leonard, Robert L. ; Wadsworth, James J."
2007,"Mishili, Fulgence J. ; Fulton, Joan R. ; Shehu, Musa ; Kushwaha, Saket ; Marfo, K ; Jamal, Mustafa ; Chergna, Alpha ; Lowenberg-DeBoer, James"
2009,"Mishili, Fulgence J. ; Temu, AEM ; Fulton, Joan R. ; Lowenberg-DeBoer, James"
2011,"Otieno, Zipora ; Okello, J.J. ; Nyikal, Rose ; Mwang'ombe, AW ; Clavel, Daniele"
2010,"Park, Jaehong ; Henneberry, Shida Rastegari"
2022,"Sanusi, Mayowa S ; Akinoso, R ; Danbaba, N ; Hussein, JB"
1984,"Unnevehr, Laurian J. ;"
